observation_date,valid,zscore,decrease_probability,unchanged_probability,increase_probability,argmax_class,observation_number,first_decrease_crossing
2004-06-04,True,-9.701044473473774,0.38242893916560583,0.34366925141458826,0.27390180941980585,decrease,1,False
2004-06-08,False,,0.38242893916560583,0.34366925141458826,0.27390180941980585,decrease,2,False
2004-06-12,False,,0.38242893916560583,0.34366925141458826,0.27390180941980585,decrease,3,False
2004-06-16,False,,0.38242893916560583,0.34366925141458826,0.27390180941980585,decrease,4,False
2004-06-20,True,-10,0.4309350931954071,0.34800999605346555,0.2210549107511273,decrease,5,False
2004-06-24,False,,0.4309350931954071,0.34800999605346555,0.2210549107511273,decrease,6,False
2004-06-28,False,,0.4309350931954071,0.34800999605346555,0.2210549107511273,decrease,7,False
2004-07-02,False,,0.4309350931954071,0.34800999605346555,0.2210549107511273,decrease,8,False
2004-07-06,False,,0.4309350931954071,0.34800999605346555,0.2210549107511273,decrease,9,False
2004-07-10,False,,0.4309350931954071,0.34800999605346555,0.2210549107511273,decrease,10,False
2004-07-14,False,,0.4309350931954071,0.34800999605346555,0.2210549107511273,decrease,11,False
2004-07-18,False,,0.4309350931954071,0.34800999605346555,0.2210549107511273,decrease,12,False
2004-07-22,False,,0.4309350931954071,0.34800999605346555,0.2210549107511273,decrease,13,False
2004-07-26,False,,0.4309350931954071,0.34800999605346555,0.2210549107511273,decrease,14,False
2004-07-30,True,-9.395224988192982,0.4777567233798802,0.34671816215626144,0.17552511446385832,decrease,15,False
2004-08-03,False,,0.4777567233798802,0.34671816215626144,0.17552511446385832,decrease,16,False
2004-08-07,True,-10,0.5221108394926257,0.34050416004849465,0.13738500045887964,decrease,17,True
2004-08-11,False,,0.5221108394926257,0.34050416004849465,0.13738500045887964,decrease,18,False
2004-08-15,True,-10,0.5635292167264199,0.33026768179967414,0.10620310147390599,decrease,19,False
2004-08-19,False,,0.5635292167264199,0.33026768179967414,0.10620310147390599,decrease,20,False
2004-08-23,True,-10,0.6018115261309527,0.31695679745125727,0.08123167641778997,decrease,21,False
2004-08-27,False,,0.6018115261309527,0.31695679745125727,0.08123167641778997,decrease,22,False
2004-08-31,False,,0.6018115261309527,0.31695679745125727,0.08123167641778997,decrease,23,False
2004-09-04,False,,0.6018115261309527,0.31695679745125727,0.08123167641778997,decrease,24,False
2004-09-08,True,-10,0.6369563778690999,0.3014665893241978,0.06157703280670225,decrease,25,False
2004-09-12,False,,0.6369563778690999,0.3014665893241978,0.06157703280670225,decrease,26,False
2004-09-16,False,,0.6369563778690999,0.3014665893241978,0.06157703280670225,decrease,27,False
2004-09-20,False,,0.6369563778690999,0.3014665893241978,0.06157703280670225,decrease,28,False
2004-09-24,True,-10,0.6690919317866715,0.28458055242451297,0.04632751578881555,decrease,29,False
2004-09-28,False,,0.6690919317866715,0.28458055242451297,0.04632751578881555,decrease,30,False
2004-10-02,True,-10,0.698418248336295,0.26694693043276624,0.0346348212309388,decrease,31,False
