observation_date,valid,phase,zscore,decrease_probability,unchanged_probability,increase_probability,argmax_class,observation_number,first_valid_post_change_evidence,first_argmax_decrease,first_decrease_crossing
2026-06-05,True,pre_change,-0.6081567741925364,0.23905723905723908,0.5521885521885522,0.20875420875420878,unchanged,1,False,False,False
2026-06-09,False,pre_change,,0.23905723905723908,0.5521885521885522,0.20875420875420878,unchanged,2,False,False,False
2026-06-13,False,pre_change,,0.23905723905723908,0.5521885521885522,0.20875420875420878,unchanged,3,False,False,False
2026-06-17,False,pre_change,,0.23905723905723908,0.5521885521885522,0.20875420875420878,unchanged,4,False,False,False
2026-06-21,False,pre_change,,0.23905723905723908,0.5521885521885522,0.20875420875420878,unchanged,5,False,False,False
2026-06-25,True,pre_change,-0.14709651368969956,0.11941189236111112,0.7763129340277778,0.1042751736111111,unchanged,6,False,False,False
2026-06-29,False,pre_change,,0.11941189236111112,0.7763129340277778,0.1042751736111111,unchanged,7,False,False,False
2026-07-03,True,pre_change,0.13443272166650866,0.04957663748823135,0.9071310875220455,0.04329227498972315,unchanged,8,False,False,False
2026-07-07,False,pre_change,,0.04957663748823135,0.9071310875220455,0.04329227498972315,unchanged,9,False,False,False
2026-07-11,True,pre_change,0.06258371068460944,0.018736418269133685,0.9649022023972568,0.016361379333609694,unchanged,10,False,False,False
2026-07-15,False,pre_change,,0.018736418269133685,0.9649022023972568,0.016361379333609694,unchanged,11,False,False,False
2026-07-19,True,disturbance_window,0.20025229198864736,0.006811185758420974,0.9872410182271832,0.005947796014395778,unchanged,12,True,False,False
2026-07-23,True,post_change,-10,0.01893615986518592,0.9751886555631094,0.005875184571704551,unchanged,13,False,False,False
2026-07-27,True,post_change,-10,0.051525705296718655,0.9427942754069496,0.005680019296331754,unchanged,14,False,False,False
2026-07-31,True,post_change,-10,0.1326206616040512,0.8621849631695019,0.005194375226446941,unchanged,15,False,False,False
2026-08-04,True,post_change,-10,0.30086268993906456,0.6949504665859904,0.004186843474945101,unchanged,16,False,False,False
2026-08-08,False,post_change,,0.30086268993906456,0.6949504665859904,0.004186843474945101,unchanged,17,False,False,False
2026-08-12,True,post_change,-10,0.5477532978048198,0.44953838420541886,0.0027083179897612634,decrease,18,False,True,True
2026-08-16,False,post_change,,0.5477532978048198,0.44953838420541886,0.0027083179897612634,decrease,19,False,False,False
2026-08-20,True,post_change,-10,0.7731856792778243,0.22545602379670188,0.0013582969254737351,decrease,20,False,False,False
2026-08-24,True,post_change,-10,0.9056103629106659,0.0938243766884617,0.0005652604008724269,decrease,21,False,False,False
2026-08-28,True,post_change,-10,0.9642902372183214,0.03549591181829429,0.0002138509633841119,decrease,22,False,False,False
2026-09-01,True,post_change,-10,0.9870133101963698,0.012908917902913465,7.777190071679387e-05,decrease,23,False,False,False
2026-09-05,False,post_change,,0.9870133101963698,0.012908917902913465,7.777190071679387e-05,decrease,24,False,False,False
2026-09-09,True,post_change,-10,0.9953468594480606,0.004625274822450372,2.7865729489093035e-05,decrease,25,False,False,False
2026-09-13,True,post_change,-10,0.99834176063352,0.001648308858450329,9.930508029730258e-06,decrease,26,False,False,False
2026-09-17,False,post_change,,0.99834176063352,0.001648308858450329,9.930508029730258e-06,decrease,27,False,False,False
2026-09-21,False,post_change,,0.99834176063352,0.001648308858450329,9.930508029730258e-06,decrease,28,False,False,False
2026-09-25,False,post_change,,0.99834176063352,0.001648308858450329,9.930508029730258e-06,decrease,29,False,False,False
2026-09-29,False,post_change,,0.99834176063352,0.001648308858450329,9.930508029730258e-06,decrease,30,False,False,False
2026-10-03,False,post_change,,0.99834176063352,0.001648308858450329,9.930508029730258e-06,decrease,31,False,False,False
